관리번호,공원명,공원구분,소재지도로명주소,소재지지번주소,위도,경도,공원면적,공원보유시설(운동시설),공원보유시설(유희시설),공원보유시설(편익시설),공원보유시설(교양시설),공원보유시설(기타시설),지정고시일,관리기관명,전화번호,데이터기준일자,제공기관코드,제공기관명
11110-00017,서린공원,소공원,서울특별시 종로구 종로 30-1 (서린동),서울특별시 종로구 서린동 82,37.569989,126.980784,1398.0,,,,,,2009-05-28,서울특별시 종로구청,02-2148-2845,2025-11-28,3000000,서울특별시 종로구
11110-00029,낙산공원,어린이공원,서울특별시 종로구 창신길 210-11 (창신동),서울특별시 종로구 창신동 611-19,37.579546,127.010184,660.0,,시소+조합놀이,,,,2013-10-10,서울특별시 종로구청,02-2148-2845,2025-11-28,3000000,서울특별시 종로구
11110-00004,명륜공원,어린이공원,서울특별시 종로구 혜화로9길 24-9 (명륜1가),서울특별시 종로구 명륜1가 23-9,37.588055,126.998279,1149.5,,모래밭+조합놀이,음수대,,,1980-03-23,서울특별시 종로구청,02-2148-2845,2025-11-28,3000000,서울특별시 종로구
11110-00005,새마을공원,어린이공원,서울특별시 종로구 평창길 14-9 (평창동),서울특별시 종로구 평창동 327-1,37.606448,126.964642,397.0,,그네+조합놀이,,,,1983-12-23,서울특별시 종로구청,02-2148-2845,2025-11-28,3000000,서울특별시 종로구
11110-00015,경학공원,어린이공원,서울특별시 종로구 성균관로5길 25-13 (명륜3가),서울특별시 종로구 명륜3가 53-2,37.584487,126.996902,3269.0,,,,,,2009-01-22,서울특별시 종로구청,02-2148-2845,2025-11-28,3000000,서울특별시 종로구
11110-00028,지봉골공원,어린이공원,서울특별시 종로구 지봉로13길 14 (창신동),서울특별시 종로구 창신동 산6-25,37.578947,127.014468,2508.0,,조합놀이,,,,2013-10-10,서울특별시 종로구청,02-2148-2845,2025-11-28,3000000,서울특별시 종로구
11110-00043,신문로공원,어린이공원,서울특별시 종로구 신문로2가 160-1,서울특별시 종로구 신문로2가 160-1,37.569026,126.9724105,665.0,,,,,,1985-01-16,서울특별시 종로구청,02-2148-2845,2025-11-28,3000000,서울특별시 종로구
11110-00019,경희궁공원,역사공원,서울특별시 종로구 새문안로 55 (신문로2가),서울특별시 종로구 신문로2가 2-1,37.57176907,126.9679849,100930.0,체력단련시설,,음수대,,,2009-05-28,서울특별시 종로구청,02-2148-2842,2025-11-28,3000000,서울특별시 종로구
11110-00020,동묘공원,역사공원,서울특별시 종로구 난계로27길 84 (숭인동),서울특별시 종로구 숭인동 238-1,37.573162,127.018284,8450.0,,,화장실+음수대,탑기념비,,2009-05-28,서울특별시 종로구청,02-2148-2843,2025-11-28,3000000,서울특별시 종로구
11110-00033,창덕공원,근린공원,서울특별시 종로구 율곡로 99 (와룡동),서울특별시 종로구 와룡동 2-71,37.578868,126.989712,491328.0,,,음수대,,,1962-12-20,서울특별시 종로구청+문화재청,02-2148-2842,2025-11-28,3000000,서울특별시 종로구
11110-00007,원서공원,근린공원,서울특별시 종로구 창덕궁길 19 (원서동),서울특별시 종로구 원서동 181,37.578234,126.988566,10004.6,,,음수대,,,1985-01-18,서울특별시 종로구청,02-2148-2842,2025-11-28,3000000,서울특별시 종로구
11110-00008,탑골공원,근린공원,서울특별시 종로구 종로 99 (종로2가),서울특별시 종로구 종로2가 38-1,37.570612,126.9880601,14808.7,,,화장실+공중전화+음수대,동상+탑기념비,,1996-12-16,서울특별시 종로구청,02-2148-2843,2025-11-28,3000000,서울특별시 종로구
11110-00013,사직공원,근린공원,서울특별시 종로구 사직로9길 7 (사직동),서울특별시 종로구 사직동 1-28,37.57628582,126.9682319,168099.8,궁도장+배드민턴장+체력단련시설,,,,,2006-07-06,서울특별시 종로구청,02-2148-2832,2025-11-28,3000000,서울특별시 종로구
11110-00022,삼청공원,근린공원,서울특별시 종로구 북촌로 134-1 (삼청동),서울특별시 종로구 삼청동 산2-1,37.58769948,126.983451,468348.2,테니스장+농구장+배드민턴장+체력단련시설,,화장실,동상+탑기념비,숲속도서관,2020-06-29,서울특별시 종로구청,02-2148-2843,2025-11-28,3000000,서울특별시 종로구
11110-00023,와룡공원,근린공원,서울특별시 종로구 와룡공원길 192 (명륜3가),서울특별시 종로구 명륜3가 53-52,37.591168,126.990122,204369.0,테니스장+배드민턴장+체력단련시설,,화장실+음수대,,,2010-01-21,서울특별시 종로구청,02-2148-2843,2025-11-28,3000000,서울특별시 종로구
11110-00024,숭인공원,근린공원,서울특별시 종로구 동망산길 150 (숭인동),서울특별시 종로구 숭인동 58,37.57756126,127.0181626,45615.0,농구장+배드민턴장+체력단련시설,,화장실+음수대,,,2010-04-22,서울특별시 종로구청,02-2148-2843,2025-11-28,3000000,서울특별시 종로구
11110-00035,북한산공원,근린공원,서울특별시 종로구 북악산로 267,서울특별시 종로구 평창동 산6-17,37.601976,126.980549,19902.4,,,화장실+편의점,,북악팔각정,2020-06-29,서울특별시 종로구청,02-2148-2832,2025-11-28,3000000,서울특별시 종로구
11110-00021,마로니에공원,문화공원,서울특별시 종로구 대학로 104 (동숭동),서울특별시 종로구 동숭동 1-124,37.580336,127.002513,5802.0,,,,,,2009-05-28,서울특별시 종로구청,02-2148-2843,2025-11-28,3000000,서울특별시 종로구
11620-00030,보명,어린이공원,서울특별시 관악구 법원단지길 158-11,,37.475841,126.925639,1319.0,,그네+흔들말+조합놀이대,,,,1972-04-21,서울특별시 관악구청,02-879-6508,2025-11-17,3200000,서울특별시 관악구
11620-00031,일선,어린이공원,서울특별시 관악구 쑥고개로26길 24,,37.477823,126.949514,1244.0,,그네+흔들말+조합놀이대,,,,1972-06-07,서울특별시 관악구청,02-879-6507,2025-11-17,3200000,서울특별시 관악구
11620-00033,까치,어린이공원,서울특별시 관악구 행운4길 2,,37.479924,126.959507,1602.0,,그네+흔들말+조합놀이대,,,,1972-06-07,서울특별시 관악구청,02-879-6507,2025-11-17,3200000,서울특별시 관악구
11620-00035,밤골,어린이공원,서울특별시 관악구 인헌3가길 8,,37.473919,126.967365,1119.0,,흔들말+조합놀이대,,,,1972-06-07,서울특별시 관악구청,02-879-6508,2025-11-17,3200000,서울특별시 관악구
11620-00036,약수암,어린이공원,서울특별시 관악구 약수암길 33,,37.459512,126.932978,1680.0,,흔들말+조합놀이대,,,,1973-06-22,서울특별시 관악구청,02-879-6508,2025-11-17,3200000,서울특별시 관악구
11620-00067,난우,어린이공원,서울특별시 관악구 난곡로61길 1,,37.48039993,126.913959,960.0,,그네+흔들말+조합놀이대,,,,1986-01-01,서울특별시 관악구청,02-879-6508,2025-11-17,3200000,서울특별시 관악구
11620-00017,국지,어린이공원,서울특별시 관악구 국회단지19길 23,,37.490053,126.940606,1650.0,,미끄럼틀+조합놀이대,,,,1971-02-15,서울특별시 관악구청,02-879-6508,2025-11-17,3200000,서울특별시 관악구
11620-00018,서원,어린이공원,서울특별시 관악구 서원3길 10,,37.476815,126.933237,2324.0,,그네+미끄럼틀+조합놀이대+오르는기구,,,,1971-03-26,서울특별시 관악구청,02-879-6508,2025-11-17,3200000,서울특별시 관악구
11620-00020,백설,어린이공원,서울특별시 관악구 관악로6길 50,,37.476236,126.953512,1655.0,,그네+미끄럼틀+흔들말+조합놀이대,,,,1971-04-22,서울특별시 관악구청,02-879-6507,2025-11-17,3200000,서울특별시 관악구
11620-00024,신림근린공원,근린공원,서울특별시 관악구 남부순환로152길 53,,37.480884,126.918234,90960.0,배드민턴장,,화장실+주차장,도서관,,1971-08-06,서울특별시 관악구청,02-879-6504,2025-11-17,3200000,서울특별시 관악구
11620-00026,문성,어린이공원,서울특별시 관악구 시흥대로164길 27,,37.482015,126.9028913,988.0,,조합놀이대,,,,1971-11-12,서울특별시 관악구청,02-879-6508,2025-11-17,3200000,서울특별시 관악구
11620-00043,선봉,어린이공원,서울특별시 관악구 봉천로27길 20,,37.485144,126.939678,1021.0,,조합놀이대,,,,1977-04-12,서울특별시 관악구청,02-879-6508,2025-11-17,3200000,서울특별시 관악구
11620-00045,중앙,어린이공원,서울특별시 관악구 봉천로41길 35,,37.484446,126.948278,977.0,,그네+조합놀이대,,,,1977-04-20,서울특별시 관악구청,02-879-6508,2025-11-17,3200000,서울특별시 관악구
11620-00046,새싹,어린이공원,서울특별시 관악구 양녕로6다길 11-4,,37.484451,126.949378,1797.0,,조합놀이대+회전기구,,,,1977-04-20,서울특별시 관악구청,02-879-6508,2025-11-17,3200000,서울특별시 관악구
11620-00051,새빛,어린이공원,서울특별시 관악구 신사로10길 29,,37.486319,126.915149,875.0,,그네+조합놀이대,,,,1977-09-03,서울특별시 관악구청,02-879-6508,2025-11-17,3200000,서울특별시 관악구
11620-00001,상도근린공원,근린공원,서울특별시 관악구 국회단지길 144,서울특별시 관악구 봉천동 산 103-52,37.491879,126.9414281,87458.0,배드민턴장,조합놀이대,화장실,,,1940-03-12,서울특별시 관악구청,02-879-6503,2025-11-17,3200000,서울특별시 관악구
11620-00003,해태,어린이공원,서울특별시 관악구 서림3길 47,서울특별시 관악구 신림동 103-141,37.472323,126.940612,1359.0,,그네+흔들말+조합놀이대,,,,1970-07-02,서울특별시 관악구청,02-879-6508,2025-11-17,3200000,서울특별시 관악구
11620-00006,상록,어린이공원,서울특별시 관악구 승방3나길 14,서울특별시 관악구 남현동 602-196,37.472906,126.980544,1557.0,,그네+흔들말+조합놀이대,,,,1970-08-17,서울특별시 관악구청,02-879-6508,2025-11-17,3200000,서울특별시 관악구
11620-00008,예촌,어린이공원,서울특별시 관악구 남현길 41,서울특별시 관악구 남현동 1083-1,37.47453441,126.9768782,1509.0,,그네+흔들말+조합놀이대,화장실,,,1970-09-03,서울특별시 관악구청,02-879-6508,2025-11-17,3200000,서울특별시 관악구
11620-00010,남부,어린이공원,서울특별시 관악구 남부순환로163가길 20,서울특별시 관악구 신림동 483-14,37.48480913,126.920679,990.0,,그네+흔들말+조합놀이대+오르는기구,,,,1970-09-03,서울특별시 관악구청,02-879-6508,2025-11-17,3200000,서울특별시 관악구
11620-00012,색동,어린이공원,서울특별시 관악구 신림로70길 74,서울특별시 관악구 신림동 1418-1,37.486533,126.932555,952.0,,그네+흔들말+조합놀이대,,,,1970-09-03,서울특별시 관악구청,02-879-6508,2025-11-17,3200000,서울특별시 관악구
11710-00025,송파나루,근린공원,"서울특별시 송파구 잠실로 180, 삼학사로 136","서울특별시 송파구 신천동 32, 잠실동 47",37.51210416,127.1077049,285757.6,,,,,,,서울특별시 송파구청,02-2147-3380,2024-08-12,3230000,서울특별시 송파구
11710-00026,숯내,근린공원,서울특별시 송파구 중대로4길 4,서울특별시 송파구 문정동 150-8,37.48970385,127.111231,10206.5,,,,,,,서울특별시 송파구청,02-2147-3380,2024-08-12,3230000,서울특별시 송파구
11710-00027,아시아,근린공원,서울특별시 송파구 올림픽로 44,서울특별시 송파구 잠실동 84,37.51068203,127.0759347,66027.8,,,,,,,서울특별시 송파구청,02-2147-3380,2024-08-12,3230000,서울특별시 송파구
11710-00028,연화,근린공원,서울특별시 송파구 새말로15길 175,서울특별시 송파구 문정동 92,37.485159989,127.1297173897,14318.2,,,,,,,서울특별시 송파구청,02-2147-3380,2024-08-12,3230000,서울특별시 송파구
11710-00029,오금,근린공원,서울특별시 송파구 동남로 263,서울특별시 송파구 오금동 51,37.499994,127.134853,219167.4,,,,,,,서울특별시 송파구청,02-2147-3380,2024-08-12,3230000,서울특별시 송파구
11710-00031,웃말,근린공원,서울특별시 송파구 송이로15길 41,서울특별시 송파구 가락동 21,37.50167671,127.123153,11098.2,,,,,,,서울특별시 송파구청,02-2147-3380,2024-08-12,3230000,서울특별시 송파구
11710-00032,잠실,근린공원,서울특별시 송파구 백제고분로15길 7,서울특별시 송파구 잠실동 230,37.50621827,127.084165,6613.3,,,,,,,서울특별시 송파구청,02-2147-3380,2024-08-12,3230000,서울특별시 송파구
11710-00033,장수,근린공원,서울특별시 송파구 충민로 120,서울특별시 송파구 장지동 846,37.480889,127.1304766,9949.0,,,,,,,서울특별시 송파구청,02-2147-3380,2024-08-12,3230000,서울특별시 송파구
11710-00035,천마,근린공원,서울특별시 송파구 성내천로35길 53,서울특별시 송파구 마천동 산 2 외,37.500386,127.158815,182420.0,,,,,,,서울특별시 송파구청,02-2147-3380,2024-08-12,3230000,서울특별시 송파구
11710-00044,개나리,어린이공원,서울특별시 송파구 새말로10길 316,서울특별시 송파구 문정동 81,37.482425,127.1283131,1312.2,,,,,,,서울특별시 송파구청,02-2147-3380,2024-08-12,3230000,서울특별시 송파구
11710-00045,개미,어린이공원,서울특별시 송파구 오금로62길 133,서울특별시 송파구 거여동 29,37.4921999,127.146735,1500.4,,,,,,,서울특별시 송파구청,02-2147-3380,2024-08-12,3230000,서울특별시 송파구
11710-00001,가락,근린공원,서울특별시 송파구 양재대로64길 42,서울특별시 송파구 가락동 37,37.498469,127.125124,27648.2,,,,,,,서울특별시 송파구청,02-2147-3380,2024-08-12,3230000,서울특별시 송파구
11710-00003,개롱,근린공원,서울특별시 송파구 동남로 178,서울특별시 송파구 가락동 195,37.493407,127.130026,21544.4,,,,,,,서울특별시 송파구청,02-2147-3380,2024-08-12,3230000,서울특별시 송파구
11710-00004,거여,근린공원,서울특별시 송파구 오금로51길 20,서울특별시 송파구 거여동 11,37.497007,127.140981,16185.1,,,,,,,서울특별시 송파구청,02-2147-3380,2024-08-12,3230000,서울특별시 송파구
11710-00005,건너말,근린공원,서울특별시 송파구 중대로10길 29,서울특별시 송파구 가락동 110,37.491603,127.123473,11327.8,,,,,,,서울특별시 송파구청,02-2147-3380,2024-08-12,3230000,서울특별시 송파구
11710-00009,누에머리,근린공원,서울특별시 송파구 동남로30길 29,서울특별시 송파구 오금동 110,37.50381027,127.141799,18607.5,,,,,,,서울특별시 송파구청,02-2147-3380,2024-08-12,3230000,서울특별시 송파구
11710-00012,마천,근린공원,서울특별시 송파구 성내천로23길 12,서울특별시 송파구 마천동 11,37.50128584,127.1456483,10962.5,,,,,,,서울특별시 송파구청,02-2147-3380,2024-08-12,3230000,서울특별시 송파구
11710-00014,목련,근린공원,서울특별시 송파구 동남로24길 25,서울특별시 송파구 오금동 156,37.499035,127.138842,8127.4,,,,,,,서울특별시 송파구청,02-2147-3380,2024-08-12,3230000,서울특별시 송파구
11710-00016,방이,근린공원,서울특별시 송파구 백제고분로 489,서울특별시 송파구 방이동 52,37.51435318,127.1136443,6930.1,,,,,,,서울특별시 송파구청,02-2147-3380,2024-08-12,3230000,서울특별시 송파구
11710-00017,백토,근린공원,서울특별시 송파구 양재대로72길 478,서울특별시 송파구 오금동 6,37.50811694,127.132113,10024.1,,,,,,,서울특별시 송파구청,02-2147-3380,2024-08-12,3230000,서울특별시 송파구
11710-00020,삼전,근린공원,서울특별시 송파구 백제고분로32길 630,서울특별시 송파구 삼전동 62-1,37.50179286,127.0933328,6607.6,,,,,,,서울특별시 송파구청,02-2147-3380,2024-08-12,3230000,서울특별시 송파구
11710-00022,소리,근린공원,서울특별시 송파구 법원로5길 3,서울특별시 송파구 문정동 357,37.4816116181,127.1199678258,36638.3,,,,,,,서울특별시 송파구청,02-2147-3380,2024-08-12,3230000,서울특별시 송파구
11710-00024,송파,근린공원,서울특별시 송파구 송파대로42길 29,서울특별시 송파구 송파동 113,37.50633354,127.110451,6621.2,,,,,,,서울특별시 송파구청,02-2147-3380,2024-08-12,3230000,서울특별시 송파구
11590-00040,국화원,소공원,"서울특별시 동작구 상도로30길 39(상도동, 상도두산위브아파트)",서울특별시 동작구 상도동 529-1 상도두산위브아파트,37.50479617,126.942298,757.0,,,,,,2007-11-08,서울특별시 동작구청,,2024-08-07,3190000,서울특별시 동작구
11590-00048,칸나,소공원,서울특별시 동작구 시흥대로596,서울특별시 동작구 신대방동 698,37.48562691,126.9043083,241.0,,,,,,2012-09-06,서울특별시 동작구청,,2024-08-07,3190000,서울특별시 동작구
11170-00042,이태원부군당,역사공원,서울특별시 용산구 녹사평대로40다길 33,서울특별시 용산구 이태원동 191-3,37.535801,126.989755,2020.0,,,,동상+탑기념비,,2013-09-05,서울특별시 용산구청,02-2199-7593,2025-08-18,3020000,서울특별시 용산구
11170-00008,돌모루어린이공원,어린이공원,서울특별시 용산구 원효로97길 50,서울특별시 용산구 청파동3가 118-102,37.542772,126.9685904,3447.0,,조합놀이대,주차장+화장실,,,1940-03-12,서울특별시 용산구청,02-2199-7605,2025-08-18,3020000,서울특별시 용산구
11170-00009,신계공원,역사공원,서울특별시 용산구 청파로 139-25,서울특별시 용산구 신계동 55,37.535079,126.966284,15000.0,,,화장실+음수대,,,1940-03-12,서울특별시 용산구청,02-2199-7603,2025-08-18,3020000,서울특별시 용산구
11170-00012,새싹어린이공원,어린이공원,서울특별시 용산구 이촌로14길 11-22,서울특별시 용산구 이촌동 206-1,37.526961,126.954522,480.0,,조합놀이대+그네 등,,,,1973-03-23,서울특별시 용산구청,02-2199-7605,2025-08-18,3020000,서울특별시 용산구
11560-00034,도리미소공원,소공원,서울특별시 영등포구 도림로 112나길 4,서울특별시 영등포구 도림동 821-3,37.509476,126.9021917,1859.0,헬스형 운동기구 등,흔들말,파고라+등의자 등,,,2007-07-05,서울특별시 영등포구청,02-2670-3757,2025-11-03,3180000,서울특별시 영등포구
11560-00037,당산나루소공원,소공원,서울특별시 영등포구 당산로 205,서울특별시 영등포구 당산동5가 9-3,37.532814,126.900128,1279.0,헬스형 운동기구 등,,파고라+평의자 등,,,2009-09-10,서울특별시 영등포구청,02-2670-3757,2025-11-03,3180000,서울특별시 영등포구
11560-00007,중앙어린이공원,어린이공원,서울특별시 영등포구 영등포로35길 13,서울특별시 영등포구 영등포동6가 65-1,37.52147175,126.9032729,3671.0,배드민턴장+헬스형 운동기구 등,조합놀이대,파고라+평의자 등,,,1940-03-12,서울특별시 영등포구청,02-2670-3760,2025-11-03,3180000,서울특별시 영등포구
11560-00008,평화어린이공원,어린이공원,서울특별시 영등포구 63로 45,서울특별시 영등포구 여의도동 50-2,37.52135273,126.9373261,4595.0,"농구장, 헬스형 운동기구 등",조합놀이대,파고라+평의자 등,,,1940-03-12,서울특별시 영등포구청,02-2670-3757,2025-11-03,3180000,서울특별시 영등포구
11560-00009,자유어린이공원,어린이공원,서울특별시 영등포구 63로 45,서울특별시 영등포구 여의도동 50-3,37.521353,126.937326,5385.0,헬스형 운동기구 등,조합놀이대,파고라+평의자 등,,,1940-03-12,서울특별시 영등포구청,02-2670-3757,2025-11-03,3180000,서울특별시 영등포구
11560-00011,양남어린이공원,어린이공원,서울특별시 영등포구 선유로23길 18,서울특별시 영등포구 양평동1가 205,37.523205,126.888303,1467.0,헬스형 운동기구 등,조합놀이대,파고라+평의자 등,,,1940-03-12,서울특별시 영등포구청,02-2670-3757,2025-11-03,3180000,서울특별시 영등포구
11560-00013,다사랑어린이공원,어린이공원,서울특별시 영등포구 대림로23가길 5,서울특별시 영등포구 대림동 703-6,37.492834,126.899215,1632.0,헬스형 운동기구 등,조합놀이대,파고라+평의자 등,,,1963-04-26,서울특별시 영등포구청,02-2670-3757,2025-11-03,3180000,서울특별시 영등포구
11560-00015,조롱박어린이공원,어린이공원,서울특별시 영등포구 대림로 106,서울특별시 영등포구 대림동 870,37.491332,126.903016,6969.0,"게이트볼장, 배드민턴장, 헬스형 운동기구 등",조합놀이대,파고라+평의자 등,,,1981-03-10,서울특별시 영등포구청,02-2670-3757,2025-11-03,3180000,서울특별시 영등포구
11560-00017,원지어린이공원,어린이공원,서울특별시 영등포구 도림로47길 28,서울특별시 영등포구 대림동 690,37.497618,126.899642,4845.0,헬스형 운동기구 등,조합놀이대,파고라+평의자 등,,,1982-07-12,서울특별시 영등포구청,02-2670-3757,2025-11-03,3180000,서울특별시 영등포구
11560-00018,동심어린이공원,어린이공원,서울특별시 영등포구 대림로35길 7,서울특별시 영등포구 대림동 742,37.498712,126.897293,2820.0,배드민턴장+헬스형 운동기구 등,조합놀이대,"파고라, 음수대 등",,,1982-07-12,서울특별시 영등포구청,02-2670-3757,2025-11-03,3180000,서울특별시 영등포구
11560-00020,신우어린이공원,어린이공원,서울특별시 영등포구 가마산로47길 13,서울특별시 영등포구 대림동 657,37.503539,126.899081,3112.0,헬스형 운동기구 등,조합놀이대,파고라+평의자 등,,,1982-07-12,서울특별시 영등포구청,02-2670-3757,2025-11-03,3180000,서울특별시 영등포구
11560-00022,영등포근린공원,근린공원,서울특별시 영등포구 신길로 275,서울특별시 영등포구 영등포동 582-3,37.516127,126.912126,61544.0,게이트볼장+풋살장+배드민턴장+농구장+헬스형 운동기구 등,조합놀이대,음수대+평의자 등,영등포문화원,,1997-05-10,서울특별시 영등포구청,02-2670-3764,2025-11-03,3180000,서울특별시 영등포구
11560-00025,중마루근린공원,근린공원,서울특별시 영등포구 영등포로53길 14,서울특별시 영등포구 영등포동2가 222,37.519919,126.911497,6456.0,게이트볼장(족구장),,음수대+평의자 등,,,1998-10-15,서울특별시 영등포구청,02-2670-3760,2025-11-03,3180000,서울특별시 영등포구
11560-00002,자매근린공원,근린공원,서울특별시 영등포구 의사당대로 지하 166,서울특별시 영등포구 여의도동 56,37.5180209,126.9309951,16458.0,"게이트볼장, 헬스형 운동기구 등",조합놀이대,음수대+평의자 등,,,1940-03-12,서울특별시 영등포구청,02-2670-3764,2025-11-03,3180000,서울특별시 영등포구
11560-00004,신길근린공원,근린공원,서울특별시 영등포구 도림로80길 6,서울특별시 영등포구 신길동 341-3,37.501712,126.905408,19604.0,"농구장, 배드민턴장, 헬스형 운동기구 등",조합놀이대,음수대+평의자 등,,,1940-03-12,서울특별시 영등포구청,02-2670-3760,2025-11-03,3180000,서울특별시 영등포구
11560-00005,당산근린공원,근린공원,서울특별시 영등포구 당산로27길 12,서울특별시 영등포구 당산동3가 385,37.52521794,126.8951468,11154.0,배드민턴장+헬스형 운동기구 등,조합놀이대,음수대+평의자 등,,,1940-03-12,서울특별시 영등포구청,02-2670-3764,2025-11-03,3180000,서울특별시 영등포구
11590-00002,상도,근린공원,서울특별시 동작구 성대로6사길27-18,서울특별시 동작구 상도동 산75,37.49321807,126.9384079,359342.8,,,,,,1940-03-02,서울특별시 동작구청,,2024-08-07,3190000,서울특별시 동작구
11590-00004,용봉정,근린공원,서울특별시 동작구 현충로2가길17,"서울특별시 동작구 본동 산3-9일대, 흑석동 141-2일대",37.511663,126.958792,80804.2,,,,,,1940-03-12,서울특별시 동작구청,,2024-08-07,3190000,서울특별시 동작구
11590-00005,현충,근린공원,서울특별시 동작구 사당로23길57-7,서울특별시 동작구 사당동 산24-17,37.48538566,126.9757312,1106402.2,,,,,,1962-12-20,서울특별시 동작구청,,2024-08-07,3190000,서울특별시 동작구
11590-00006,사육신,역사공원,서울특별시 동작구 노량진로191,서울특별시 동작구 노량진동 155-1,37.51345628,126.9494127,47832.0,,,,,,1963-04-26,서울특별시 동작구청,,2024-08-07,3190000,서울특별시 동작구
11590-00011,까치,어린이공원,서울특별시 동작구 동작대로9길35(사당),서울특별시 동작구 사당동 1028-1,37.48053895,126.979537,1604.3,,,,,,1970-09-03,서울특별시 동작구청,,2024-08-07,3190000,서울특별시 동작구
11590-00012,까치산,근린공원,서울특별시 동작구 현충로55,서울특별시 동작구 흑석동141-2일대,37.51066813,126.9627656,384026.0,,,,,,1971-08-06,서울특별시 동작구청,,2024-08-07,3190000,서울특별시 동작구
11590-00022,새벽,어린이공원,서울특별시 동작구 상도로13길11,서울특별시 동작구 상도동 335-141,37.50092249,126.930155,496.0,,,,,,1979-11-30,서울특별시 동작구청,,2024-08-07,3190000,서울특별시 동작구
11170-00001,효창공원,근린공원,서울특별시 용산구 임정로 26,서울특별시 용산구 효창동 255,37.544278,126.959255,171277.0,운동장+배드민턴장+게이트볼장 등,조합놀이대+그네 등,주차장+매점+화장실+음수대 등,동상+탑기념비,,1940-03-12,서울특별시 용산구청,02-2199-7594,2025-08-18,3020000,서울특별시 용산구
11170-00002,새나라어린이공원,어린이공원,서울특별시 용산구 후암로13가길 25,서울특별시 용산구 후암동 190-1,37.548319,126.9763669,2340.0,다목적 인조잔디마당,조합놀이대+그네 등,화장실+음수대,,,1940-03-12,서울특별시 용산구청,02-2199-7605,2025-08-18,3020000,서울특별시 용산구
11170-00003,늘푸른어린이공원,어린이공원,서울특별시 용산구 원효로41가길 14-19,서울특별시 용산구 원효로3가 1-139,37.53479369,126.956553,2300.0,,조합놀이대+그네 등,화장실,,,1940-03-12,서울특별시 용산구청,02-2199-7605,2025-08-18,3020000,서울특별시 용산구
11170-00005,동자어린이공원,어린이공원,서울특별시 용산구 한강대로104길 30-4,서울특별시 용산구 동자동 24-11,37.55008633,126.973945,712.0,,조합놀이대+그네 등,화장실,,,1940-03-12,서울특별시 용산구청,02-2199-7605,2025-08-18,3020000,서울특별시 용산구
11170-00006,이태원어린이공원,어린이공원,서울특별시 용산구 회나무로6길 11-8,서울특별시 용산구 이태원동 286-1,37.538407,126.989041,2858.0,,그네+시소 등,화장실,,,1940-03-12,서울특별시 용산구청,02-2199-7605,2025-08-18,3020000,서울특별시 용산구
11710-00085,샛팽이,어린이공원,서울특별시 송파구 오금로42길 15,서울특별시 송파구 가락동 170-6,37.496755,127.1339104,1500.7,,,,,,,서울특별시 송파구청,02-2147-3380,2024-08-12,3230000,서울특별시 송파구
11710-00102,오봉산,어린이공원,서울특별시 송파구 석촌호수로20길 13,서울특별시 송파구 석촌동 162,37.50612827,127.1023092,1508.0,,,,,,,서울특별시 송파구청,02-2147-3380,2024-08-12,3230000,서울특별시 송파구
11710-00105,임금샘,어린이공원,서울특별시 송파구 양재대로71길 2010,서울특별시 송파구 방이동 189,37.51120967,127.125048,1500.3,,,,,,,서울특별시 송파구청,02-2147-3380,2024-08-12,3230000,서울특별시 송파구
11290-00025,동망봉,어린이공원,서울특별시 성북구 보문사길 30,서울특별시 성북구 보문동3가 229-1,37.5838591,127.017073,6730.0,체력단련시설(5),조합놀이대(1),정자(2)+장의자(4),,,2007-10-04,서울특별시 성북구청,02-2241-3682,2025-12-14,3070000,서울특별시 성북구
11290-00028,매화,어린이공원,서울특별시 성북구 북악산로15길 42,서울특별시 성북구 돈암동 45-6,37.60011962,127.0207412,1595.0,체력단련시설(4),조합놀이대(1),장의자(6)+정자(1),,,2004-11-17,서울특별시 성북구청,02-2241-3682,2025-12-14,3070000,서울특별시 성북구
11290-00035,길음골,소공원,서울특별시 성북구 길음로13길22,서울특별시 성북구 길음동 1285,37.60944177,127.0193237,1244.0,체력단련시설(2),,정자(1)+장의자(9),,,2005-05-12,서울특별시 성북구청,02-2241-3682,2025-12-14,3070000,서울특별시 성북구
11290-00039,두레,소공원,서울특별시 성북구 서경로6길 41,서울특별시 성북구 길음동 1284-8,37.60655851,127.0176651,287.0,,,정자(1)+장의자(2),,,2005-05-12,서울특별시 성북구청,02-2241-3682,2025-12-14,3070000,서울특별시 성북구
11290-00043,길빛,근린공원,서울특별시 성북구 숭인로8길 52,서울특별시 성북구 길음동 1288-12,37.60976006,127.0265188,146038.0,체력단련시설(4),조합놀이대(1),장의자(10),도서관1,,2009-01-02,서울특별시 성북구청,02-2241-3682,2025-12-14,3070000,서울특별시 성북구
11290-00002,오동,근린공원,서울특별시 성북구 화랑로13가길 100,서울특별시 성북구 하월곡동 산2-1,37.61064628,127.0404131,233989.7,배드민턴장(6)+체력단련시설(303),,정자(3)+노인정(1)+장의자(173),도서관1,,1966-02-05,서울특별시 성북구청,02-2241-3665,2025-12-14,3070000,서울특별시 성북구
11290-00003,개운산,근린공원,서울특별시 성북구 북악산로 949-73,서울특별시 성북구 돈암동 산 6-1,37.59720671,127.0257184,208618.0,체력단련시설(6),,정자(4)+야외탁자(5)+장의자(71),,,1940-03-12,서울특별시 성북구청,02-2241-3664,2025-12-14,3070000,서울특별시 성북구
11290-00004,청량,근린공원,서울특별시 성북구 화랑로32길 146-37,서울특별시 성북구 석관동 409,37.60635811,127.0539954,329290.0,체력단련시설(12),,정자(1)+장의자(9),,,1940-03-12,서울특별시 성북구청,02-2241-3664,2025-12-14,3070000,서울특별시 성북구
11290-00008,삼선,어린이공원,서울특별시 성북구 삼선교로4길 147,서울특별시 성북구 삼선동1가 303,37.58323585,127.01039,10957.0,배드민턴장(1)+체력단련시설(30),그네(2)+모래밭(1)+시소(1)+정글집(1)+조합놀이대(1),정자(3)+야외탁자(3)+장의자(41),,,1978-05-30,서울특별시 성북구청,02-2241-3682,2025-12-14,3070000,서울특별시 성북구
11290-00011,배밭골,어린이공원,서울특별시 성북구 정릉로10길 46,서울특별시 성북구 정릉동 895,37.60812583,126.9986863,263.0,체력단련시설(3),그네(1)+시소(1)+조합놀이대(1),장의자(4),,,1983-12-23,서울특별시 성북구청,02-2241-3682,2025-12-14,3070000,서울특별시 성북구
11290-00013,밤골,어린이공원,서울특별시 성북구 화랑로13가길 17-8,서울특별시 성북구 하월곡동 산2-140,37.607541,127.039921,600.0,체력단련시설(3),그네(1)+조합놀이대(1),장의자(4)+정자(1),,,1984-02-21,서울특별시 성북구청,02-2241-3682,2025-12-14,3070000,서울특별시 성북구
11200-00029,논골새싹,어린이공원,서울특별시 성동구 난계로 56,서울특별시 성동구 행당동 347-2,37.55751131,127.0250458,2837.1,"체력단련시설 1개소 7개, 농구장 1개소","조합놀이대 1개소, 그네 1개소",화장실 1개소,,,2010-02-20,서울특별시 성동구청,02-2886-5655,2025-06-19,3030000,서울특별시 성동구
11200-00030,꽃재,어린이공원,서울특별시 성동구 마장로 161,서울특별시 성동구 하왕십리동 1069,37.56781934,127.0278897,2810.0,"운동장 1개소, 체력단련시설 1개소 4개","조합놀이대 1개, 오르기놀이대 1개",,,,2007-08-13,서울특별시 성동구청,02-2286-5655,2025-06-19,3030000,서울특별시 성동구
11200-00031,전관원,어린이공원,서울특별시 성동구 살곶이길 327,서울특별시 성동구 행당동 90-2,37.55467447,127.0404902,4760.0,체력단련시설 1개소 4개,"시소 1개, 기타 4개",,,,2008-07-31,서울특별시 성동구청,02-2286-5655,2025-06-19,3030000,서울특별시 성동구
11200-00033,동부,소공원,서울특별시 성동구 왕십리로6길 30,서울특별시 성동구 성수동1가 656-1735,37.54524583,127.0474356,251.0,체력단련시설 1개소 5개,,,,,2009-05-28,서울특별시 성동구청,02-2886-5655,2025-06-19,3030000,서울특별시 성동구
11200-00034,청송,소공원,서울특별시 성동구 아차산로9길 20,서울특별시 성동구 성수동2가 277-23,37.54599593,127.0587894,798.7,체력단련시설 1개소 6개,,,,,2009-05-28,서울특별시 성동구청,02-2886-5655,2025-06-19,3030000,서울특별시 성동구
11200-00035,향림,소공원,서울특별시 성동구 성수일로10길 23,서울특별시 성동구 성수동2가 289-28,37.54703666,127.0533154,987.8,체력단련시설 1개소 5개,,,,,2009-05-28,서울특별시 성동구청,02-2886-5655,2025-06-19,3030000,서울특별시 성동구
11200-00036,장미,소공원,서울특별시 성동구 동일로 227,서울특별시 성동구 송정동 107,37.5522684,127.0694222,485.4,체력단련시설 1개소 5개,,,,,2006-05-18,서울특별시 성동구청,02-2886-5655,2025-06-19,3030000,서울특별시 성동구
11200-00037,금옥,소공원,서울특별시 성동구 금호로 117,서울특별시 성동구 금호동2가 1213,37.55306047,127.0214356,1230.0,체력단련시설 1개소 5개,,,,,2006-07-20,서울특별시 성동구청,02-2886-5655,2025-06-19,3030000,서울특별시 성동구
11200-00038,금남,소공원,서울특별시 성동구 금호산8길 13,서울특별시 성동구 금호동3가 701,37.55054813,127.0213924,834.0,체력단련시설 1개소 4개,,,,,2006-11-30,서울특별시 성동구청,02-2886-5655,2025-06-19,3030000,서울특별시 성동구
11200-00039,옥정,소공원,서울특별시 성동구 매봉길 21 서울성동지역자활센터,서울특별시 성동구 옥수동 562-1,37.5458337,127.0153489,711.76,체력단련시설 1개소 4개,,,,,2006-06-29,서울특별시 성동구청,02-2886-5655,2025-06-19,3030000,서울특별시 성동구
11200-00040,매봉,소공원,서울특별시 성동구 매봉길 50,서울특별시 성동구 옥수동 561-1,37.54729549,127.0121475,2006.7,체력단련시설 1개소 4개,,,,,2006-06-29,서울특별시 성동구청,02-2886-5655,2025-06-19,3030000,서울특별시 성동구
11200-00041,왕십리 KCC스위첸,소공원,서울특별시 성동구 무학봉길 35,서울특별시 성동구 하왕십리동 1002-1,37.56067856,127.0268748,1514.1,체력단련시설 2개소 5개,,,,,2010-07-15,서울특별시 성동구청,02-2286-5655,2025-06-19,3030000,서울특별시 성동구
11200-00042,뉴타운2구역,기타,서울특별시 성동구 마장로 137,서울특별시 성동구 상왕십리동 811-3,37.56782502,127.0250536,2517.0,,,,,,2005-08-04,서울특별시 성동구청,02-2886-5656,2025-06-19,3030000,서울특별시 성동구
11200-00043,뉴타운1구역,기타,서울특별시 성동구 마장로 137,서울특별시 성동구 하왕십리동 1066-1,37.56782502,127.0250536,2452.4,,,,,,2006-03-16,서울특별시 성동구청,02-2886-5656,2025-06-19,3030000,서울특별시 성동구
11200-00028,청계꿈나무,어린이공원,서울특별시 성동구 마장로 161,서울특별시 성동구 하왕십리동 1068,37.56781934,127.0278905,1705.0,,"조합놀이대 1개소, 그네 1개",,,,2007-10-02,서울특별시 성동구청,02-2886-5655,2025-06-19,3030000,서울특별시 성동구
11200-00027,푸른,어린이공원,서울특별시 성동구 금호로1길 38,서울특별시 성동구 금호동4가 235-3,37.54733277,127.0235968,1681.8,체력단련시설 1개소 4개,"조합놀이대 1개소, 그네 1개소",,,,2004-07-15,서울특별시 성동구청,02-2886-5655,2025-06-19,3030000,서울특별시 성동구
11200-00044,견우,어린이공원,서울특별시 성동구 왕십리로 410,서울특별시 성동구 상왕십리동 816-3,37.5665905,127.0240825,1500.0,체력단련시설 1개소 3개,"조합놀이대 1개소, 그네 1개소 , 흔들놀이기구 2개 등",,,,2011-03-17,서울특별시 성동구청,02-2886-5655,2025-06-19,3030000,서울특별시 성동구
11200-00045,직녀,어린이공원,서울특별시 성동구 마장로 164 기독교대한감리회 꽃재교회,서울특별시 성동구 하왕십리동 1070-5,37.5667467,127.0278177,1500.0,체력단련시설 1개소 4개,"조합놀이대 1개소, 그네 1개소 , 흔들놀이기구 2개 등",,,,2011-03-17,서울특별시 성동구청,02-2886-5655,2025-06-19,3030000,서울특별시 성동구
11200-00046,트리마제,소공원,서울특별시 성동구 왕십리로 16 103동,서울특별시 성동구 성수동1가 718,37.53923821,127.0446715,2762.8,,,,,,2012-08-02,서울특별시 성동구청,02-2886-5655,2025-06-19,3030000,서울특별시 성동구
11200-00047,하왕1-5구역,소공원,서울특별시 성동구 무학봉길 1,서울특별시 성동구 하왕십리동 1071-2,37.56007539,127.0241246,1451.1,체력단련시설 1개소,,,,,2007-05-17,서울특별시 성동구청,02-2886-5655,2025-06-19,3030000,서울특별시 성동구
11200-00048,행당4구역,소공원,서울특별시 성동구 행당로6길 74,서울특별시 성동구 행당동 323-24,37.5555693,127.0320798,1235.0,,,,,,2003-12-15,서울특별시 성동구청,02-2886-5655,2025-06-19,3030000,서울특별시 성동구
11200-00004,금호,근린공원,서울특별시 성동구 금호산길 5-15(금호동3가),서울특별시 성동구 금호동3가 1266,37.54904117,127.0190199,13467.8,"다목적체육관 1동, 체력단련시설 1개소 4개",,,문화회관 1개소,,1963-04-26,서울특별시 성동구청,02-2886-5656,2025-06-19,3030000,서울특별시 성동구
11200-00005,용답휴식,근린공원,서울특별시 성동구 천호대로 232,서울특별시 성동구 용답동 128-3,37.56999106,127.0468202,6046.9,"배드민턴장 1개소, 농구정 1개소, 체력단련시설 1개소 7개",,화장실 1개소,,,1963-04-26,서울특별시 성동구청,02-2886-5656,2025-06-19,3030000,서울특별시 성동구
11200-00006,성수,근린공원,서울특별시 성동구 연무장3길 14,서울특별시 성동구 성수동2가 302-25,37.54477086,127.0518411,5197.7,"농구장 1개소, 체력단련시설 1개소 5개",,화장실 1개소,,,1997-03-21,서울특별시 성동구청,02-2886-5656,2025-06-19,3030000,서울특별시 성동구
11200-00007,성원,어린이공원,서울특별시 성동구 상원10길 21,서울특별시 성동구 성수동1가 13-21,37.55011556,127.0499031,982.5,체력단련시설 1개소 4개,"조합놀이대 1개소, 모래밭 1개소",,,,1961-04-16,서울특별시 성동구청,02-2886-5655,2025-06-19,3030000,서울특별시 성동구
11200-00008,동마장,어린이공원,서울특별시 성동구 마장로42길 13 동마장어린이공원,서울특별시 성동구 마장동 780-1,37.56622804,127.0456969,1090.9,체력단련시설 1개소 3개,"조합놀이대 1개소, 모래밭 1개소",화장실 1개소,,,1977-02-04,서울특별시 성동구청,02-2886-5655,2025-06-19,3030000,서울특별시 성동구
11200-00009,응봉새말,어린이공원,서울특별시 성동구 고산자로2길 6-12,서울특별시 성동구 응봉동 228-23,37.55186593,127.035857,311.0,,"조합놀이대 1개소, 모래밭 1개소",,,,1979-05-11,서울특별시 성동구청,02-2886-5655,2025-06-19,3030000,서울특별시 성동구
11200-00011,마장,어린이공원,서울특별시 성동구 마조로 51-2,서울특별시 성동구 마장동 399-102,37.56233458,127.0415003,911.0,체력단련시설 1개소 4개,"조합놀이대 1개소, 그네 1개, 시소 1개",,,,1977-04-28,서울특별시 성동구청,02-2886-5655,2025-06-19,3030000,서울특별시 성동구
11200-00012,성삼,어린이공원,서울특별시 성동구 성수이로18길 31,서울특별시 성동구 성수동2가 273-11,37.54195313,127.0606155,1812.2,"배드민터장 1개소, 체력단련시설 1개소 6개",,화장실 1개소,,,1961-04-16,서울특별시 성동구청,02-2886-5655,2025-06-19,3030000,서울특별시 성동구
11200-00013,은행나무터,어린이공원,서울특별시 성동구 연무장길 37-29,서울특별시 성동구 성수동2가 316-9,37.54369439,127.0537509,675.4,,"조합놀이대 1개소, 그네 1개",,,,1961-04-16,서울특별시 성동구청,02-2886-5655,2025-06-19,3030000,서울특별시 성동구
11200-00014,아남,어린이공원,서울특별시 성동구 아차산로15길 52,서울특별시 성동구 성수동2가 280-12,37.54732598,127.0646691,984.1,"족구장 1개소, 농구장 1개소, 체력단련시설 1개소 5개",,,,,1985-02-14,서울특별시 성동구청,02-2886-5655,2025-06-19,3030000,서울특별시 성동구
11200-00015,열림,어린이공원,서울특별시 성동구 성수이로12길 14,서울특별시 성동구 성수2가1동 327-3,37.53962218,127.056782,198.0,,조합놀이대 1개소,,,,1991-10-05,서울특별시 성동구청,02-2886-5655,2025-06-19,3030000,서울특별시 성동구
11200-00016,응봉개나리,어린이공원,서울특별시 성동구 독서당로62가길 62,서울특별시 성동구 응봉동 270,37.54866971,127.0318722,462.0,,"조합놀이대 1개소, 그네 1개소,",,,,1947-01-09,서울특별시 성동구청,02-2886-5655,2025-06-19,3030000,서울특별시 성동구
11200-00017,서마장,어린이공원,서울특별시 성동구 청계천로10가길 102,서울특별시 성동구 마장동 450-67,37.57152303,127.0374347,350.3,,조합놀이대 1개소,,,,1975-11-15,서울특별시 성동구청,02-2886-5655,2025-06-19,3030000,서울특별시 성동구
11200-00018,송정,어린이공원,서울특별시 성동구 동일로 263-49,서울특별시 성동구 송정동 90-4,37.55519167,127.0703837,236.4,,"조합놀이대 1개소, 그네 1개",,,,2001-11-23,서울특별시 성동구청,02-2886-5655,2025-06-19,3030000,서울특별시 성동구
11200-00019,미소,어린이공원,서울특별시 성동구 난계로 95,서울특별시 성동구 하왕십리동 1055,37.56051006,127.0235037,3411.0,체력단련시설 1개소 6개,"놀이대 2개소, 모래밭 1개소",,,,1974-03-29,서울특별시 성동구청,02-2886-5655,2025-06-19,3030000,서울특별시 성동구
11200-00020,응삼,어린이공원,서울특별시 성동구 고산자로 160,서울특별시 성동구 응봉동 15-1,37.55433983,127.0348842,1646.7,체력단련시설 1개소 2개,"조합놀이대 1개소, 그네 1개소, 미끄럼틀 1개소",,,,1975-04-25,서울특별시 성동구청,02-2886-5655,2025-06-19,3030000,서울특별시 성동구
11200-00021,상원,어린이공원,서울특별시 성동구 상원길 39,서울특별시 성동구 성수동1가 715-1,37.54753298,127.0483982,2636.0,체력단련시설 1개소 6개,"조합놀이대 1개소, 그네 1개소",,,,2001-04-12,서울특별시 성동구청,02-2886-5655,2025-06-19,3030000,서울특별시 성동구
11200-00022,보람,어린이공원,서울특별시 성동구 마장로 255,서울특별시 성동구 마장동 827,37.56613727,127.0381819,823.3,,"조합놀이대 1개소, 시소 1개소",,,,2000-03-18,서울특별시 성동구청,02-2886-5655,2025-06-19,3030000,서울특별시 성동구
11200-00023,무지개,어린이공원,서울특별시 성동구 성수이로7길 27,서울특별시 성동구 성수동2가 844,37.54157394,127.0534386,2143.0,,조합놀이대 2개소,,,,2005-05-12,서울특별시 성동구청,02-2886-5655,2025-06-19,3030000,서울특별시 성동구
11200-00032,도장골,소공원,서울특별시 성동구 행당로 82,서울특별시 성동구 행당동 346-2,37.55480888,127.0273997,678.3,,,,,,2009-05-28,서울특별시 성동구청,02-2886-5655,2025-06-19,3030000,서울특별시 성동구
11200-00024,도선,어린이공원,서울특별시 성동구 무학로8길 8 도선동공영주차장,서울특별시 성동구 홍익동 370,37.56550468,127.031418,2332.5,체력단련시설 1개소 7개,조합놀이대 1개소,,,,2005-03-11,서울특별시 성동구청,02-2886-5655,2025-06-19,3030000,서울특별시 성동구
11200-00025,살구골,어린이공원,서울특별시 성동구 고산자로 177,서울특별시 성동구 행당동 376-3,37.55573009,127.0335764,1573.9,체력단련시설 1개소 3개,,,,,2004-11-10,서울특별시 성동구청,02-2886-5655,2025-06-19,3030000,서울특별시 성동구
11200-00026,금동,어린이공원,서울특별시 성동구 무수막길 16,서울특별시 성동구 금호동2가 1218,37.54942229,127.0256915,2591.0,체력단련시설 1개소 6개,"조합놀이대 1개소, 모래밭 1개소, 미끄럼틀 1개, 시소 1개",,,,2006-07-20,서울특별시 성동구청,02-2886-5655,2025-06-19,3030000,서울특별시 성동구
11200-00001,응봉,근린공원,서울특별시 성동구 독서당로63길 85(금호동1가),,37.55374193,127.0273495,417284.88,"농구장 1개소, 배드민턴장 13, 게이트볼장 1개소. 체력단련시설 25개소 189기 등","조합놀이대 3기, 모래밭 1기, 그네 2기, 시소 1기",화장실 5개소,독서실 1개소,,1977-07-14,서울특별시 성동구청,02-2886-5656,2025-06-19,3030000,서울특별시 성동구
11200-00002,달맞이,근린공원,서울특별시 성동구 독서당로40길 25,서울특별시 성동구 금호동4가 산 27,37.5433496,127.0193024,63411.43,"배드민턴장 2개소, 체력단련시설 6개소 36개","조합놀이대 1기, 시소 2개",화장실 1개소,,,1940-03-12,서울특별시 성동구청,02-2886-5656,2025-06-19,3030000,서울특별시 성동구
11200-00003,무학봉,근린공원,서울특별시 성동구 난계로 114-31,서울특별시 성동구 하왕십리동 890-243,37.56123125,127.0259523,28843.0,"배드민턴장 1개소, 농구장 1개소, 체력단련시설 3개소 29개",,화장실 1개소,,,1977-07-14,서울특별시 성동구청,02-2886-5656,2025-06-19,3030000,서울특별시 성동구
11545-00002,산기슭공원,근린공원,서울특별시 금천구 독산로54길 6,서울특별시 금천구 시흥동 산138-3,37.46364031,126.9076165,8412.0,다목적운동장,조합놀이대,화장실,,CCTV,1968-01-15,서울특별시 금천구청,02-2627-1659,2025-08-14,3170000,서울특별시 금천구
11545-00003,금천체육공원,근린공원,서울특별시 금천구 독산로54길 102-27,서울특별시 금천구 독산동 산118-4,37.468313,126.908522,18083.0,다목적운동장+농구장+배드민턴장,조합놀이대+흔들놀이+그네+시소,화장실+음수대+공중전화,,CCTV,1968-01-15,서울특별시 금천구청,02-2627-1655,2025-08-14,3170000,서울특별시 금천구
11545-00006,독산근린공원,근린공원,서울특별시 금천구 범안로 1096,서울특별시 금천구 독산동 1086,37.46327361,126.8849344,18005.5,축구장+배드민턴장,,화장실+음수대,,CCTV,1987-08-27,서울특별시 금천구청,02-2627-1664,2025-08-14,3170000,서울특별시 금천구
11545-00007,금천폭포공원,근린공원,서울특별시 금천구 시흥대로38길 61,서울특별시 금천구 시흥동 937-2,37.44639673,126.9044447,4835.2,,,,문화회관,CCTV,2005-11-17,서울특별시 금천구청,02-2627-1659,2025-08-14,3170000,서울특별시 금천구
11545-00008,조마,어린이공원,서울특별시 금천구 시흥대로149가길 6,서울특별시 금천구 가산동 148-11,37.47561479,126.8955477,1003.0,,조합놀이대+시소+그네+흔들놀이,,,매봉경로당+CCTV,1971-11-12,서울특별시 금천구청,02-2627-1654,2025-08-14,3170000,서울특별시 금천구
11545-00011,참새,어린이공원,서울특별시 금천구 한내로 55,서울특별시 금천구 독산동 1088-2,37.45695474,126.8871937,1500.1,,조합놀이대+흔들놀이+그네,음수대,,참새경로당+CCTV,1987-08-27,서울특별시 금천구청,02-2627-1654,2025-08-14,3170000,서울특별시 금천구
11545-00013,철쭉,어린이공원,서울특별시 금천구 금하로1마길 15-8,서울특별시 금천구 독산동 1112,37.45288913,126.8896337,1501.6,,조합놀이대+우주탐사놀이+버섯회전놀이+스프링시소,,,철쭉경로당+CCTV,1987-08-27,서울특별시 금천구청,02-2627-1654,2025-08-14,3170000,서울특별시 금천구
11545-00014,두산,어린이공원,서울특별시 금천구 시흥대로123길 91,서울특별시 금천구 독산동 298-1,37.47303262,126.8942618,974.9,,조합놀이대+흔들놀이,음수대,,,1971-11-12,서울특별시 금천구청,02-2627-1654,2025-08-14,3170000,서울특별시 금천구
11545-00015,다람쥐,어린이공원,서울특별시 금천구 벚꽃로18길 33,서울특별시 금천구 독산동 999-11,37.46824515,126.8908193,1019.6,,조합놀이대+흔들놀이+그네,,독산1동어린이집,,1971-11-12,서울특별시 금천구청,02-2627-1654,2025-08-14,3170000,서울특별시 금천구
11545-00017,무지개,어린이공원,서울특별시 금천구 시흥대로90길 60-3,서울특별시 금천구 독산동 1063-14,37.46282267,126.9009392,972.1,,조합놀이대+흔들놀이+회전의자+모래테이블+자가발전자전거,음수대,,만수경로당+CCTV,1971-11-12,서울특별시 금천구청,02-2627-1654,2025-08-14,3170000,서울특별시 금천구
11545-00018,옥계,어린이공원,서울특별시 금천구 시흥대로86길 20,서울특별시 금천구 독산동 1067-9,37.460149,126.900302,1058.6,,조합놀이대+그네,,옥계어린이집,CCTV,1971-11-12,서울특별시 금천구청,02-2627-1654,2025-08-14,3170000,서울특별시 금천구
11740-00015,샘물공원,어린이공원,서울특별시 강동구 양재대로1630(명일동),서울특별시 강동구 명일1동 315-1,37.5510159,127.1447414,992.1,체력단련기구,모래놀이터+흔들놀이,음수대,,,1972-11-06,서울특별시 강동구청,02-3425-6440,2023-08-18,3240000,서울특별시 강동구
11740-00016,염주골공원,어린이공원,서울특별시 강동구 양재대로138길29(명일동),서울특별시 강동구 명일1동 326-10,37.549932,127.1456059,991.3,체력단련기구,조합놀이대+그네+흔들놀이,음수대,,,1972-11-06,서울특별시 강동구청,02-3425-6440,2023-08-18,3240000,서울특별시 강동구
11740-00018,새장터공원,어린이공원,서울특별시 강동구 암사1가길16(암사동),서울특별시 강동구 암사1동 468-2,37.55212624,127.130563,1592.0,체력단련기구,조합놀이대+그네,화장실+음수대,,,1976-04-22,서울특별시 강동구청,02-3425-6440,2023-08-18,3240000,서울특별시 강동구
11740-00019,광나루공원,어린이공원,서울특별시 강동구 상암로12-19(암사동),서울특별시 강동구 암사2동 515,37.5500717,127.1255454,1637.7,체력단련기구,조합놀이대+그네,화장실,,,1976-04-22,서울특별시 강동구청,02-3425-6440,2023-08-18,3240000,서울특별시 강동구
11740-00020,볕우물공원,어린이공원,서울특별시 강동구 고덕로24길23(암사동),서울특별시 강동구 암사1동 453-8,37.553613,127.135704,1552.8,체력단련기구,조합놀이대+그네+흔들놀이,음수대,,,1976-04-22,서울특별시 강동구청,02-3425-6440,2023-08-18,3240000,서울특별시 강동구
11740-00022,선사공원,어린이공원,서울특별시 강동구 올림픽로 836(암사동),서울특별시 강동구 암사3동 440,37.55576061,127.1299975,1610.3,체력단련기구,조합놀이대+흔들놀이,,,,1976-04-22,서울특별시 강동구청,02-3425-6440,2023-08-18,3240000,서울특별시 강동구
11740-00023,천사공원,어린이공원,서울특별시 강동구 천중로12길23-23(천호동),서울특별시 강동구 천호2동 363-5,37.54380935,127.1284086,1617.2,체력단련기구,조합놀이대+그네+시소+모래놀이터,음수대,,,1976-04-22,서울특별시 강동구청,02-3425-6440,2023-08-18,3240000,서울특별시 강동구
11740-00024,고분다리공원,어린이공원,서울특별시 강동구 구천면로39길23(천호동),서울특별시 강동구 천호2동 300,37.54540502,127.131821,1621.8,체력단련기구,조합놀이대+그네+흔들놀이,음수대,,,1976-04-22,서울특별시 강동구청,02-3425-6440,2023-08-18,3240000,서울특별시 강동구
11740-00026,광진공원,어린이공원,서울특별시 강동구 구천면로13길21(천호동),서울특별시 강동구 천호2동 338-19,37.542946,127.122505,1672.7,체력단련기구,조합놀이대+흔들놀이,,,,1976-04-22,서울특별시 강동구청,02-3425-6440,2023-08-18,3240000,서울특별시 강동구
11740-00002,일자산공원,근린공원,서울특별시 강동구 동남로 660(둔촌동),서울특별시 강동구 둔촌동 산140,37.5330568,127.1513563,632733.0,농구장+배드민턴장+체력단련기구,숲속놀이터,주차장+화장실+음수대+먹는물공동시설+시계탑,,관리사무소+캠핑장,1971-08-06,서울특별시 강동구청,02-3425-6440,2023-08-18,3240000,서울특별시 강동구
11740-00003,명일공원,근린공원,서울특별시 강동구 구천면로587(상일동),서울특별시 강동구 상일동 135,37.5512577,127.1634092,649709.6,테니스장+배드민턴장+골프연습장+체력단련기구,조합놀이대,간이화장실+음수대+먹는물공동시설,문화회관,,1971-08-06,서울특별시 강동구청,02-3425-6440,2023-08-18,3240000,서울특별시 강동구
11740-00005,혜림공원,어린이공원,서울특별시 강동구 천중로39길77(천호동),서울특별시 강동구 천호1동 47-23,37.54460149,127.139905,992.0,체력단련기구,조합놀이대+그네+모래놀이터,음수대,,,1972-11-06,서울특별시 강동구청,02-3425-6440,2023-08-18,3240000,서울특별시 강동구
11740-00006,성안공원,어린이공원,서울특별시 강동구 양재대로97길41(성내동),서울특별시 강동구 성내3동 405-18,37.531369,127.134773,1057.1,체력단련기구,조합놀이대+그네+흔들놀이+모래놀이터,음수대,,,1972-11-06,서울특별시 강동구청,02-3425-6440,2023-08-18,3240000,서울특별시 강동구
11740-00007,선린공원,어린이공원,서울특별시 강동구 양재대로91길59(성내동),서울특별시 강동구 성내3동 424,37.52851478,127.132711,1575.2,체력단련기구,조합놀이대+그네+모래놀이터,,,,1972-11-06,서울특별시 강동구청,02-3425-6440,2023-08-18,3240000,서울특별시 강동구
11740-00008,보람공원,어린이공원,서울특별시 강동구 양재대로85길59(성내동),서울특별시 강동구 성내3동 444-6,37.52471702,127.131302,989.9,체력단련기구,조합놀이대+그네+흔들놀이,,,,1972-11-06,서울특별시 강동구청,02-3425-6440,2023-08-18,3240000,서울특별시 강동구
11740-00009,안말공원,어린이공원,서울특별시 강동구 풍성로45길11(성내동),서울특별시 강동구 성내3동 512,37.531236,127.129903,2290.3,체력단련기구,조합놀이대+그네+흔들놀이,,,,1972-11-06,서울특별시 강동구청,02-3425-6440,2023-08-18,3240000,서울특별시 강동구
11740-00011,달님공원,어린이공원,서울특별시 강동구 양재대로112길52(길동),서울특별시 강동구 길동 405-21,37.53621038,127.142551,998.6,체력단련기구,조합놀이대+흔들놀이+모래놀이터,음수대,,,1972-11-06,서울특별시 강동구청,02-3425-6440,2023-08-18,3240000,서울특별시 강동구
11740-00012,무궁화공원,어린이공원,서울특별시 강동구 양재대로124길62(길동),서울특별시 강동구 길동 340-17,37.5423345,127.1454038,996.3,체력단련기구,조합놀이대+모래놀이터,음수대,,,1972-11-06,서울특별시 강동구청,02-3425-6440,2023-08-18,3240000,서울특별시 강동구
11740-00014,성심공원,어린이공원,서울특별시 강동구 천중로40길66(길동),서울특별시 강동구 길동 386-1,37.53831458,127.137376,992.3,체력단련기구,조합놀이대+그네,,,,1972-11-06,서울특별시 강동구청,02-3425-6440,2023-08-18,3240000,서울특별시 강동구
11350-00002,불암산<시공원>,기타,서울특별시 노원구 한글비석로12길 51-49,서울특별시 노원구 중계동 산101-1,37.6548441824,127.0811811566,5332422.0,,,통제소 1+화장실 27,,,,,,2024-07-31,3100000,서울특별시 노원구
11350-00026,영축산<시공원>,근린공원,서울특별시 노원구 광운로 141(월계동),서울특별시 노원구 월계동 산108,37.62834719,127.057541,260500.0,,,유아숲체험장+광장 등,,,,,,2024-07-31,3100000,서울특별시 노원구
11350-00018,초안산<시공원>,근린공원,서울특별시 노원구 마들로5길 91,서울특별시 노원구 월계동 산1,37.64354845,127.0514587,950643.0,,,체육시설+캠핑장 등,,,,,,2024-07-31,3100000,서울특별시 노원구
11215-10527,장미공원,어린이공원,서울특별시 광진구 구의강변로3길 39 (구의동),서울특별시 광진구 구의동 590-2,37.5362728,127.0901418,986.5,,"조합놀이대, 그네, 흔들놀이기구",,,경로당,1969-01-21,서울특별시 광진구청,02-450-7775,2025-03-10,3040000,서울특별시 광진구
11215-10528,푸른동산공원,어린이공원,서울특별시 광진구 광나루로44길 32 (구의동),서울특별시 광진구 구의동 227-13,37.5429034,127.0911933,933.2,,"조합놀이대, 그네",화장실,,,1969-01-21,서울특별시 광진구청,02-450-7775,2025-03-10,3040000,서울특별시 광진구
11215-10529,구둘공원,어린이공원,서울특별시 광진구 자양로42길 44 (구의동),서울특별시 광진구 구의동 60-8,37.5481208,127.0921708,788.1,,기타놀이기구,,,,1973-05-18,서울특별시 광진구청,02-450-7775,2025-03-10,3040000,서울특별시 광진구
11215-10531,구의공원,어린이공원,서울특별시 광진구 광나루로56길 86 (구의동),서울특별시 광진구 구의동 546-2,37.53650324,127.0947414,10464.0,배드민턴장,"조합놀이대, 그네, 시소, 흔들놀이기구",화장실,,,1984-08-22,서울특별시 광진구청,02-450-7775,2025-03-10,3040000,서울특별시 광진구
11215-10533,온달공원,어린이공원,서울특별시 광진구 아차산로73길 15 (광장동),서울특별시 광진구 광장동 242-1,37.54598669,127.1040763,1012.0,,"조합놀이대, 그네, 흔들놀이기구",화장실,,경로당,1978-11-14,서울특별시 광진구청,02-450-7778,2025-03-10,3040000,서울특별시 광진구
11215-10536,정말공원,어린이공원,서울특별시 광진구 자양로13다길 34 (자양동),서울특별시 광진구 자양동 619-20,37.53316616,127.0781758,989.4,,"조합놀이대, 그네, 시소, 흔들놀이기구",화장실,,,1969-01-21,서울특별시 광진구청,02-450-7775,2025-03-10,3040000,서울특별시 광진구
11215-10537,자마장공원,어린이공원,서울특별시 광진구 자양로13길 41 (자양동),서울특별시 광진구 자양동 630,37.53444854,127.0821916,998.8,,"조합놀이대, 시소, 흔들놀이기구",화장실,,,1969-01-21,서울특별시 광진구청,02-450-7775,2025-03-10,3040000,서울특별시 광진구
11215-10538,장독골공원,어린이공원,서울특별시 광진구 아차산로40길 46 (자양동),서울특별시 광진구 자양동 804-10,37.5356422,127.0778292,997.4,,"조합놀이대, 그네",화장실,,경로당,1969-01-21,서울특별시 광진구청,02-450-7775,2025-03-10,3040000,서울특별시 광진구
11215-10539,언덕배기공원,어린이공원,서울특별시 광진구 뚝섬로62길 24 (자양동),서울특별시 광진구 자양동 686-52,37.53214981,127.0879487,800.4,,"조합놀이대, 그네, 시소, 흔들놀이기구",화장실,,,1969-01-21,서울특별시 광진구청,02-450-7775,2025-03-10,3040000,서울특별시 광진구
11215-10540,금모래공원,어린이공원,서울특별시 광진구 뚝섬로56길 28 (자양동),서울특별시 광진구 자양동 651-50,37.53030963,127.0825402,1022.5,,"조합놀이대, 그네",화장실,,경로당,1969-01-21,서울특별시 광진구청,02-450-7775,2025-03-10,3040000,서울특별시 광진구
11215-10541,동자공원,어린이공원,서울특별시 광진구 자양번영로3길 16 (자양동),서울특별시 광진구 자양동 582-19,37.5318659,127.0742753,985.9,,"조합놀이대, 시소",,,경로당,1969-01-21,서울특별시 광진구청,02-450-7775,2025-03-10,3040000,서울특별시 광진구
11215-10542,노유산공원,어린이공원,서울특별시 광진구 아차산로32길 17 (자양동),서울특별시 광진구 자양동 5-7,37.5391102,127.0685096,993.1,,"조합놀이대, 그네, 시소, 흔들놀이기구",,,어린이집,1969-01-21,서울특별시 광진구청,02-450-7775,2025-03-10,3040000,서울특별시 광진구
11215-10513,가중나무공원,어린이공원,서울특별시 광진구 동일로28길 16 (화양동),서울특별시 광진구 화양동 32-1,37.54651869,127.0677034,971.6,,조합놀이대,화장실,,,1969-01-21,서울특별시 광진구청,02-450-7775,2025-03-10,3040000,서울특별시 광진구
11215-10514,한아름공원,어린이공원,서울특별시 광진구 군자로3길 15 (화양동),서울특별시 광진구 화양동 12-55,37.5443368,127.0704685,936.2,,"조합놀이대, 그네 , 흔들놀이기구",화장실,,,1969-01-21,서울특별시 광진구청,02-450-7775,2025-03-10,3040000,서울특별시 광진구
11215-10515,햇님공원,어린이공원,서울특별시 광진구 아차산로25길 27 (화양동),서울특별시 광진구 화양동 45-3,37.5426933,127.0670227,1002.3,,"조합놀이대, 그네 , 시소, 흔들놀이기구",화장실,,,1969-01-21,서울특별시 광진구청,02-450-7775,2025-03-10,3040000,서울특별시 광진구
11215-10516,화양공원,어린이공원,서울특별시 광진구 아차산로31길 14 (화양동),서울특별시 광진구 화양동 8-36,37.54160778,127.0696005,996.4,,조합놀이대,화장실,,,1969-01-21,서울특별시 광진구청,02-450-7775,2025-03-10,3040000,서울특별시 광진구
11215-10518,군자공원,어린이공원,서울특별시 광진구 동일로52길 27 (군자동),서울특별시 광진구 군자동 115-1,37.55456506,127.0728509,642.0,,"조합놀이대, 시소",화장실,,경로당,1993-12-17,서울특별시 광진구청,02-450-7778,2025-03-10,3040000,서울특별시 광진구
11215-10519,중곡공원,어린이공원,서울특별시 광진구 긴고랑로5길 10 (중곡동),서울특별시 광진구 중곡동 232-44,37.5645362,127.079141,995.7,,조합놀이대,,,경로당,1973-05-18,서울특별시 광진구청,02-450-7778,2025-03-10,3040000,서울특별시 광진구
11215-10520,배나무터공원,어린이공원,서울특별시 광진구 동일로76나길 20 (중곡동),서울특별시 광진구 중곡동 695,37.56834108,127.0802695,971.9,,"조합놀이대, 그네",화장실,,,1973-05-18,서울특별시 광진구청,02-450-7778,2025-03-10,3040000,서울특별시 광진구
11215-10521,해오름공원,어린이공원,서울특별시 광진구 영화사로7길 25 (중곡동),서울특별시 광진구 중곡동 100-16,37.55678467,127.0921845,840.0,,"조합놀이대, 그네",화장실,,,1973-05-18,서울특별시 광진구청,02-450-7778,2025-03-10,3040000,서울특별시 광진구
11215-10523,긴고랑공원,어린이공원,서울특별시 광진구 긴고랑로 143 (중곡동),서울특별시 광진구 중곡동 68-19,37.55888021,127.0910186,633.0,,"조합놀이대, 그네",화장실,,,2004-08-05,서울특별시 광진구청,02-450-7778,2025-03-10,3040000,서울특별시 광진구
11215-10525,목련공원,어린이공원,서울특별시 광진구 아차산로59길 49 (구의동),서울특별시 광진구 구의동 223-4,37.54064005,127.0906545,989.8,,"조합놀이대, 그네",화장실,,,1969-01-21,서울특별시 광진구청,02-450-7775,2025-03-10,3040000,서울특별시 광진구
11215-10526,무궁화공원,어린이공원,서울특별시 광진구 광나루로52길 12 (구의동),서울특별시 광진구 구의동 206-10,37.5412468,127.0945509,1041.7,,"조합놀이대, 그네",화장실,,,1969-01-21,서울특별시 광진구청,02-450-7775,2025-03-10,3040000,서울특별시 광진구
11545-00047,은행,어린이공원,서울특별시 금천구 금하로 689-2,서울특별시 금천구 시흥동 836,37.45204371,126.9071079,865.0,,조합놀이대+그네+흔들놀이,화장실,,CCTV,1973-01-23,서울특별시 금천구청,02-2627-1654,2025-08-14,3170000,서울특별시 금천구
11545-00049,금나래중앙,문화공원,서울특별시 금천구 시흥대로79길 53,서울특별시 금천구 독산동 1151,37.45807525,126.8949359,16331.3,,,화장실+음수대,,커뮤니티센터+ CCTV,2013-08-22,서울특별시 금천구청,02-2627-1653,2025-08-14,3170000,서울특별시 금천구
11545-00023,동산,어린이공원,서울특별시 금천구 독산로54길 247,서울특별시 금천구 독산동 993-29,37.47292006,126.9059645,1017.2,,조합놀이대+그네,,,동산경로당,1971-11-12,서울특별시 금천구청,02-2627-1654,2025-08-14,3170000,서울특별시 금천구
11545-00026,반수,어린이공원,서울특별시 금천구 독산로93길 18,서울특별시 금천구 독산동 980-44,37.4740151,126.902233,990.6,,조합놀이대,음수대,,문성경로당+CCTV,1971-11-12,서울특별시 금천구청,02-2627-1654,2025-08-14,3170000,서울특별시 금천구
11545-00029,소망,어린이공원,서울특별시 금천구 독산로75길 12-7,서울특별시 금천구 독산동 196-8,37.46936829,126.9016706,998.0,,조합놀이대+그네+회전놀이대+흔들그릇,음수대,,정심경로당,1971-11-12,서울특별시 금천구청,02-2627-1654,2025-08-14,3170000,서울특별시 금천구
11545-00031,새재미,어린이공원,서울특별시 금천구 독산로39길 16,서울특별시 금천구 시흥동 855,37.45884579,126.904239,1185.2,,조합놀이대+흔들놀이+그네,,,새재미경로당+CCTV,1977-03-16,서울특별시 금천구청,02-2627-1654,2025-08-14,3170000,서울특별시 금천구
11545-00033,부장천,어린이공원,서울특별시 금천구 금하로 668,서울특별시 금천구 시흥동 893,37.45266794,126.9044062,944.0,,조합놀이대+흔들놀이+그네+시소,,,,1971-11-12,서울특별시 금천구청,02-2627-1654,2025-08-14,3170000,서울특별시 금천구
11710-00059,동호수,어린이공원,서울특별시 송파구 송파대로48길 28,서울특별시 송파구 송파동 34,37.50991906,127.1070996,1469.7,,,,,,,서울특별시 송파구청,02-2147-3380,2024-08-12,3230000,서울특별시 송파구
11710-00070,벌말,어린이공원,서울특별시 송파구 동남로28길 23,서울특별시 송파구 오금동 132,37.501638,127.140281,1502.1,,,,,,,서울특별시 송파구청,02-2147-3380,2024-08-12,3230000,서울특별시 송파구
11710-00072,봉우리,어린이공원,서울특별시 송파구 양재대로62길 3213,서울특별시 송파구 가락본동 85,37.496495,127.119238,1495.2,,,,,,,서울특별시 송파구청,02-2147-3380,2024-08-12,3230000,서울특별시 송파구
11710-00080,삼학사,어린이공원,서울특별시 송파구 백제고분로27길 4024,서울특별시 송파구 삼전동 110-7,37.506232,127.095323,1648.0,,,,,,,서울특별시 송파구청,02-2147-3380,2024-08-12,3230000,서울특별시 송파구
11710-00081,새마을,어린이공원,서울특별시 송파구 석촌호수로12길 117,서울특별시 송파구 잠실본동 209-4,37.508222,127.086579,1667.3,,,,,,,서울특별시 송파구청,02-2147-3380,2024-08-12,3230000,서울특별시 송파구
11710-00082,새말,어린이공원,서울특별시 송파구 송이로23길 1628,서울특별시 송파구 가락동 145-10,37.494731,127.125727,1498.1,,,,,,,서울특별시 송파구청,02-2147-3380,2024-08-12,3230000,서울특별시 송파구
11710-00054,능골,어린이공원,서울특별시 송파구 동남로14길 1746,서울특별시 송파구 가락동 198,37.493129,127.133207,1484.7,,,,,,,서울특별시 송파구청,02-2147-3380,2024-08-12,3230000,서울특별시 송파구
11710-00057,돌마리,어린이공원,서울특별시 송파구 가락로7길 4,서울특별시 송파구 석촌동 258,37.5006205,127.103249,1715.6,,,,,,,서울특별시 송파구청,02-2147-3380,2024-08-12,3230000,서울특별시 송파구
11740-00056,방아다리공원,어린이공원,서울특별시 강동구 동남로65길46-8(명일동),서울특별시 강동구 명일2동 236,37.548156,127.153648,2010.4,체력단련기구,조합놀이대+그네+시소+흔들놀이,,,,1982-04-29,서울특별시 강동구청,02-3425-6440,2023-08-18,3240000,서울특별시 강동구
11740-00062,천일공원,어린이공원,서울특별시 강동구 구천면로42길60(천호동),서울특별시 강동구 천호1동 221-3,37.54498878,127.1362629,2408.0,체력단련기구,조합놀이대+그네+흔들놀이+모래놀이터,음수대,,,2001-03-21,서울특별시 강동구청,02-3425-6440,2023-08-18,3240000,서울특별시 강동구
11740-00063,당말공원,어린이공원,서울특별시 강동구 진황도로29길34(천호동),서울특별시 강동구 천호3동 167-195,37.53912769,127.133246,2409.0,체력단련기구,조합놀이대+시소+흔들놀이,음수대,,,2002-10-04,서울특별시 강동구청,02-3425-6440,2023-08-18,3240000,서울특별시 강동구
11740-00071,암사공원,어린이공원,서울특별시 강동구 고덕로28길36(암사동),서울특별시 강동구 암사1동 산59-2,37.552756,127.137981,1780.0,체력단련기구,조합놀이대+그네+흔들놀이,,,,2005-01-05,서울특별시 강동구청,02-3425-6440,2023-08-18,3240000,서울특별시 강동구
11320-00061,발바닥공원,기타,서울특별시 도봉구 시루봉로 94,서울특별시 도봉구 방학동 490-8,37.6591413,127.0279921,13879.0,,,,,,,,,2019-01-01,3090000,서울특별시 도봉구
11320-00049,다락원 체육공원,체육공원,서울특별시 도봉구 마들로 932,서울특별시 도봉구 도봉동 8번지,37.6907728498,127.046562363,49830.0,,,,,,,,,2019-01-01,3090000,서울특별시 도봉구
11320-00050,서울 창포원,기타,서울특별시 도봉구 마들로 916,서울특별시 도봉구 도봉동 4,37.6892727,127.0475814,51486.0,,,,,,,,,2019-01-01,3090000,서울특별시 도봉구
11320-00001,북한산 국립공원,기타,서울특별시 도봉구 도봉산길 88(도봉동),서울특별시 도봉구 도봉1동 산29-2,37.6920803,127.0312043,8703000.0,,,"대피소2, 사무소1, 약수터3, 교량 10, 통제소 4, 화장실 20, 파고라 8, 탐방지원센터 1",,,,,,2019-01-01,3090000,서울특별시 도봉구
11320-00002,초안산근린공원,근린공원,서울특별시 도봉구 해등로3길 48-11(창동),서울특별시 도봉구 창동 산24 초안산근린공원,37.6474261,127.0414291,664905.0,,,"정보문화센터, 배드민턴장, 인조잔디축구장",,,,,,2019-01-01,3090000,서울특별시 도봉구
11320-00003,쌍문근린공원,근린공원,서울특별시 도봉구 시루봉로2길 34(쌍문동),서울특별시 도봉구 쌍문동 산80,37.6541919,127.0290879,328018.0,,,"배구장, 배드민턴장, 테니스장, 휴게광장,체력단련장, 청소년문화회관",,,,,,2019-01-01,3090000,서울특별시 도봉구
11320-00004,월천근린공원,근린공원,서울특별시 도봉구 노해로70길 126,서울특별시 도봉구 창동 28,37.6472711141,127.0523186642,10712.0,,,"화장실, 조합놀이대, 배드민턴장",,,,,,2019-01-01,3090000,서울특별시 도봉구
11740-00047,원터공원,근린공원,서울특별시 강동구 양재대로147길 18(명일동),서울특별시 강동구 명일2동 37,37.5524155,127.1430368,24508.5,배드민턴장+체력단련기구,,음수대,,,1982-04-29,서울특별시 강동구청,02-3425-6440,2023-08-18,3240000,서울특별시 강동구
11740-00048,송림공원,근린공원,서울특별시 강동구 고덕로 지하253(고덕동),서울특별시 강동구 고덕동 310,37.55504732,127.1539494,11491.0,배드민턴장+체력단련기구,,음수대,,,1982-04-29,서울특별시 강동구청,02-3425-6440,2023-08-18,3240000,서울특별시 강동구
11740-00049,까치공원,근린공원,서울특별시 강동구 고덕로 55길70(고덕동),서울특별시 강동구 고덕1동 493,37.557079,127.149995,19464.8,농구장+체력단련기구,,,,,1982-04-29,서울특별시 강동구청,02-3425-6440,2023-08-18,3240000,서울특별시 강동구
11740-00053,방죽공원,근린공원,서울특별시 강동구 동남로82길94-58(고덕동),서울특별시 강동구 고덕2동 296,37.5591586,127.1598268,87748.6,농구장+배드민턴장+체력단련기구,,음수대,,,1982-04-29,서울특별시 강동구청,02-3425-6440,2023-08-18,3240000,서울특별시 강동구
11740-00055,상일공원,근린공원,서울특별시 강동구 상암로79가길3(상일동),서울특별시 강동구 상일동 188,37.5469247,127.167312,9704.0,체력단련기구,,,,,1982-04-29,서울특별시 강동구청,02-3425-6440,2023-08-18,3240000,서울특별시 강동구
11710-00152,신천어린이교통,근린공원,서울특별시 송파구 올림픽로35다길 33,서울특별시 송파구 신천동 7-15,37.516022,127.101762,12755.5,,,,,,,서울특별시 송파구청,02-2147-3380,2024-08-12,3230000,서울특별시 송파구
11710-00154,방이동고분,역사공원,서울특별시 송파구 오금로 219,서울특별시 송파구 방이동 125,37.50757311,127.1181634,30293.7,,,,,,,서울특별시 송파구청,02-2147-3380,2024-08-12,3230000,서울특별시 송파구
11710-00155,백제초기적석총,역사공원,서울특별시 송파구 가락로7길 21,서울특별시 송파구 석촌동 248,37.50214179,127.102815,45137.8,,,,,,,서울특별시 송파구청,02-2147-3380,2024-08-12,3230000,서울특별시 송파구
11710-00157,올림픽공원,기타,서울특별시 송파구 올림픽로 424,서울특별시 송파구 방이동 88-3 외,37.520341,127.115518,1447122.3,,,,,,,서울특별시 송파구청,02-2147-3380,2024-08-12,3230000,서울특별시 송파구
11740-00027,천일골목공원,어린이공원,서울특별시 강동구 진황도로27다길30(천호동),서울특별시 강동구 천호1동 21-192,37.5405287,127.1314181,233.0,체력단련기구,,,,,1977-07-04,서울특별시 강동구청,02-3425-6440,2023-08-18,3240000,서울특별시 강동구
11740-00031,성내공원,근린공원,서울특별시 강동구 성내로3가길 71(성내동),서울특별시 강동구 성내1동 533,37.529486,127.126516,8929.0,배드민턴장+게이트볼장+체력단련기구,조합놀이대+그네,화장실+공중전화,,,1977-07-09,서울특별시 강동구청,02-3425-6440,2023-08-18,3240000,서울특별시 강동구
11740-00034,꿈나래공원,어린이공원,서울특별시 강동구 아리수로64길29(고덕동),서울특별시 강동구 고덕1동 536,37.5608275,127.153742,1500.0,체력단련기구,조합놀이대+그네+흔들놀이+모래놀이터,음수대,,,1980-03-27,서울특별시 강동구청,02-3425-6440,2023-08-18,3240000,서울특별시 강동구
11740-00036,한우물공원,어린이공원,서울특별시 강동구 아리수로72길60-16(고덕동),서울특별시 강동구 고덕2동 253,37.561635,127.162736,1500.0,체력단련기구,조합놀이대+그네+흔들놀이+모래놀이터,음수대,,,1980-03-27,서울특별시 강동구청,02-3425-6440,2023-08-18,3240000,서울특별시 강동구
11740-00038,말우물공원,어린이공원,서울특별시 강동구 상일로21길14-7(고덕동),서울특별시 강동구 고덕2동 178,37.560012,127.169476,1619.1,체력단련기구,조합놀이대+그네,음수대,,,1980-03-27,서울특별시 강동구청,02-3425-6440,2023-08-18,3240000,서울특별시 강동구
11740-00041,게내공원,어린이공원,서울특별시 강동구 상일로5길26(상일동),서울특별시 강동구 상일동 278,37.549262,127.171472,1500.0,체력단련기구,모래놀이터,음수대,,,1980-03-27,서울특별시 강동구청,02-3425-6440,2023-08-18,3240000,서울특별시 강동구
11740-00045,은하수공원,어린이공원,서울특별시 강동구 양재대로145길8(명일동),서울특별시 강동구 명일2동 55,37.552017,127.1435031,2018.0,체력단련기구,조합놀이대+그네+흔들놀이+모래놀이터,,,,1980-03-27,서울특별시 강동구청,02-3425-6440,2023-08-18,3240000,서울특별시 강동구
11740-00046,진달래공원,어린이공원,서울특별시 강동구 양재대로147길5(명일동),서울특별시 강동구 명일2동 43,37.5521507,127.1436747,2024.0,체력단련기구,조합놀이대+그네+시소+흔들놀이,,,,1980-03-27,서울특별시 강동구청,02-3425-6440,2023-08-18,3240000,서울특별시 강동구
11710-00120,훙이,어린이공원,서울특별시 송파구 송이로17길 48,서울특별시 송파구 가락본동 14,37.501139,127.1247542,1500.0,,,,,,,서울특별시 송파구청,02-2147-3380,2024-08-12,3230000,서울특별시 송파구
